{"cameraMode":{"drawMode":0,"name":"Shaded","section":"Shading Mode"},"sceneLighting":true,"audioPlay":false,"sceneViewState":{"m_AlwaysRefresh":false,"showFog":true,"showSkybox":true,"showFlares":true,"showImageEffects":true,"showParticleSystems":true,"showVisualEffectGraphs":true,"m_FxEnabled":true},"in2DMode":false,"pivot":{"x":-17.00189971923828,"y":-136.62203979492188,"z":62.820701599121097},"rotation":{"x":0.5416473746299744,"y":-0.002521812217310071,"z":0.0016249455511569977,"w":0.8406006097793579},"size":102.22817993164063,"orthographic":false}